{"cameraMode":{"drawMode":0,"name":"Shaded","section":"Shading Mode"},"sceneLighting":true,"audioPlay":false,"sceneViewState":{"m_AlwaysRefresh":true,"showFog":true,"showSkybox":true,"showFlares":true,"showImageEffects":true,"showParticleSystems":true,"showVisualEffectGraphs":true,"m_FxEnabled":true},"in2DMode":false,"pivot":{"x":242.55503845214845,"y":4.666321754455566,"z":-33.93696594238281},"rotation":{"x":-0.025723660364747049,"y":0.9742711782455444,"z":-0.15817773342132569,"w":-0.15855184197425843},"size":6.409051895141602,"orthographic":false}