{"cameraMode":{"drawMode":0,"name":"Shaded","section":"Shading Mode"},"sceneLighting":true,"audioPlay":false,"sceneViewState":{"m_AlwaysRefresh":false,"showFog":true,"showSkybox":true,"showFlares":true,"showImageEffects":true,"showParticleSystems":true,"showVisualEffectGraphs":true,"m_FxEnabled":true},"in2DMode":false,"pivot":{"x":0.7958090305328369,"y":10.067671775817871,"z":-10.607881546020508},"rotation":{"x":-0.055161114782094958,"y":0.00598753709346056,"z":0.0003228676796425134,"w":0.998441755771637},"size":10.55467700958252,"orthographic":false}